date,calendar,heuristic,ml_model
2024-02-27,OCCUPIED,OCCUPIED,OCCUPIED
2024-02-28,OCCUPIED,UNKNOWN,UNKNOWN
2024-02-29,OCCUPIED,OCCUPIED,OCCUPIED
2024-03-01,OCCUPIED,OCCUPIED,OCCUPIED
2024-03-02,OCCUPIED,OCCUPIED,OCCUPIED
2024-03-03,OCCUPIED,OCCUPIED,OCCUPIED
2024-03-04,NOT_OCCUPIED,NOT_OCCUPIED,NOT_OCCUPIED
2024-03-05,NOT_OCCUPIED,NOT_OCCUPIED,NOT_OCCUPIED
2024-03-06,NOT_OCCUPIED,NOT_OCCUPIED,NOT_OCCUPIED
2024-03-07,NOT_OCCUPIED,NOT_OCCUPIED,NOT_OCCUPIED
2024-03-08,OCCUPIED,OCCUPIED,OCCUPIED
2024-03-09,OCCUPIED,OCCUPIED,OCCUPIED
2024-03-10,NOT_OCCUPIED,NOT_OCCUPIED,NOT_OCCUPIED
2024-03-11,OCCUPIED,OCCUPIED,OCCUPIED
2024-03-12,NOT_OCCUPIED,NOT_OCCUPIED,NOT_OCCUPIED
2024-03-13,OCCUPIED,OCCUPIED,OCCUPIED
2024-03-14,NOT_OCCUPIED,NOT_OCCUPIED,NOT_OCCUPIED
2024-03-15,NOT_OCCUPIED,NOT_OCCUPIED,NOT_OCCUPIED
2024-03-16,NOT_OCCUPIED,NOT_OCCUPIED,NOT_OCCUPIED
2024-03-17,NOT_OCCUPIED,NOT_OCCUPIED,NOT_OCCUPIED
2024-03-18,OCCUPIED,OCCUPIED,OCCUPIED
2024-03-19,NOT_OCCUPIED,NOT_OCCUPIED,NOT_OCCUPIED
2024-03-20,NOT_OCCUPIED,NOT_OCCUPIED,NOT_OCCUPIED
2024-03-21,NOT_OCCUPIED,NOT_OCCUPIED,NOT_OCCUPIED
2024-03-22,OCCUPIED,OCCUPIED,OCCUPIED
2024-03-23,NOT_OCCUPIED,NOT_OCCUPIED,NOT_OCCUPIED
2024-03-24,OCCUPIED,OCCUPIED,OCCUPIED
2024-03-25,OCCUPIED,OCCUPIED,OCCUPIED
2024-03-26,OCCUPIED,OCCUPIED,OCCUPIED
2024-03-27,OCCUPIED,OCCUPIED,OCCUPIED
2024-03-28,OCCUPIED,OCCUPIED,OCCUPIED
2024-03-29,OCCUPIED,OCCUPIED,OCCUPIED
2024-03-30,OCCUPIED,OCCUPIED,OCCUPIED
2024-03-31,OCCUPIED,OCCUPIED,OCCUPIED
2024-04-01,OCCUPIED,OCCUPIED,OCCUPIED
2024-04-02,OCCUPIED,OCCUPIED,OCCUPIED
2024-04-03,OCCUPIED,OCCUPIED,OCCUPIED
2024-04-04,OCCUPIED,OCCUPIED,OCCUPIED
2024-04-05,OCCUPIED,OCCUPIED,OCCUPIED
2024-04-06,OCCUPIED,OCCUPIED,OCCUPIED
2024-04-07,OCCUPIED,OCCUPIED,OCCUPIED
2024-04-08,OCCUPIED,OCCUPIED,OCCUPIED
2024-04-09,OCCUPIED,OCCUPIED,OCCUPIED
2024-04-10,OCCUPIED,OCCUPIED,OCCUPIED
2024-04-11,OCCUPIED,OCCUPIED,OCCUPIED
2024-04-12,OCCUPIED,OCCUPIED,OCCUPIED
2024-04-13,NOT_OCCUPIED,NOT_OCCUPIED,NOT_OCCUPIED
2024-04-14,NOT_OCCUPIED,NOT_OCCUPIED,NOT_OCCUPIED
2024-04-15,NOT_OCCUPIED,NOT_OCCUPIED,NOT_OCCUPIED
2024-04-16,NOT_OCCUPIED,NOT_OCCUPIED,NOT_OCCUPIED
2024-04-17,NOT_OCCUPIED,NOT_OCCUPIED,NOT_OCCUPIED
2024-04-18,OCCUPIED,OCCUPIED,OCCUPIED
2024-04-19,OCCUPIED,OCCUPIED,OCCUPIED
2024-04-20,NOT_OCCUPIED,NOT_OCCUPIED,NOT_OCCUPIED
2024-04-21,OCCUPIED,OCCUPIED,OCCUPIED
2024-04-22,NOT_OCCUPIED,NOT_OCCUPIED,NOT_OCCUPIED
2024-04-23,NOT_OCCUPIED,NOT_OCCUPIED,NOT_OCCUPIED
2024-04-24,OCCUPIED,OCCUPIED,OCCUPIED
2024-04-25,NOT_OCCUPIED,NOT_OCCUPIED,NOT_OCCUPIED
2024-04-26,NOT_OCCUPIED,NOT_OCCUPIED,NOT_OCCUPIED
2024-04-27,NOT_OCCUPIED,NOT_OCCUPIED,NOT_OCCUPIED
2024-04-28,OCCUPIED,OCCUPIED,OCCUPIED
2024-04-29,NOT_OCCUPIED,NOT_OCCUPIED,NOT_OCCUPIED
2024-04-30,NOT_OCCUPIED,NOT_OCCUPIED,NOT_OCCUPIED
2024-05-01,NOT_OCCUPIED,NOT_OCCUPIED,NOT_OCCUPIED
2024-05-02,OCCUPIED,OCCUPIED,OCCUPIED
2024-05-03,NOT_OCCUPIED,NOT_OCCUPIED,NOT_OCCUPIED
2024-05-04,NOT_OCCUPIED,NOT_OCCUPIED,NOT_OCCUPIED
2024-05-05,NOT_OCCUPIED,NOT_OCCUPIED,NOT_OCCUPIED
2024-05-06,NOT_OCCUPIED,NOT_OCCUPIED,NOT_OCCUPIED
2024-05-07,NOT_OCCUPIED,NOT_OCCUPIED,NOT_OCCUPIED
2024-05-08,NOT_OCCUPIED,NOT_OCCUPIED,NOT_OCCUPIED
2024-05-09,NOT_OCCUPIED,NOT_OCCUPIED,NOT_OCCUPIED
2024-05-10,NOT_OCCUPIED,NOT_OCCUPIED,NOT_OCCUPIED
2024-05-11,OCCUPIED,OCCUPIED,OCCUPIED
2024-05-12,OCCUPIED,OCCUPIED,OCCUPIED
2024-05-13,OCCUPIED,OCCUPIED,OCCUPIED
2024-05-14,OCCUPIED,OCCUPIED,OCCUPIED
2024-05-15,OCCUPIED,OCCUPIED,OCCUPIED
2024-05-16,OCCUPIED,OCCUPIED,OCCUPIED
2024-05-17,OCCUPIED,OCCUPIED,OCCUPIED
2024-05-18,OCCUPIED,OCCUPIED,OCCUPIED
2024-05-19,OCCUPIED,OCCUPIED,OCCUPIED
2024-05-20,OCCUPIED,OCCUPIED,OCCUPIED
2024-05-21,OCCUPIED,OCCUPIED,OCCUPIED
2024-05-22,OCCUPIED,OCCUPIED,OCCUPIED
2024-05-23,NOT_OCCUPIED,NOT_OCCUPIED,NOT_OCCUPIED
2024-05-24,NOT_OCCUPIED,NOT_OCCUPIED,NOT_OCCUPIED
2024-05-25,NOT_OCCUPIED,NOT_OCCUPIED,NOT_OCCUPIED
2024-05-26,NOT_OCCUPIED,NOT_OCCUPIED,NOT_OCCUPIED
2024-05-27,NOT_OCCUPIED,NOT_OCCUPIED,NOT_OCCUPIED
2024-05-28,NOT_OCCUPIED,NOT_OCCUPIED,NOT_OCCUPIED
2024-05-29,NOT_OCCUPIED,NOT_OCCUPIED,NOT_OCCUPIED
2024-05-30,NOT_OCCUPIED,NOT_OCCUPIED,NOT_OCCUPIED
2024-05-31,NOT_OCCUPIED,NOT_OCCUPIED,NOT_OCCUPIED
2024-06-01,OCCUPIED,OCCUPIED,OCCUPIED
2024-06-02,NOT_OCCUPIED,NOT_OCCUPIED,NOT_OCCUPIED
2024-06-03,NOT_OCCUPIED,NOT_OCCUPIED,NOT_OCCUPIED
2024-06-04,NOT_OCCUPIED,NOT_OCCUPIED,NOT_OCCUPIED
2024-06-05,NOT_OCCUPIED,NOT_OCCUPIED,NOT_OCCUPIED
2024-06-06,NOT_OCCUPIED,NOT_OCCUPIED,NOT_OCCUPIED
2024-06-07,NOT_OCCUPIED,NOT_OCCUPIED,NOT_OCCUPIED
2024-06-08,NOT_OCCUPIED,NOT_OCCUPIED,NOT_OCCUPIED
2024-06-09,NOT_OCCUPIED,NOT_OCCUPIED,NOT_OCCUPIED
2024-06-10,OCCUPIED,OCCUPIED,OCCUPIED
2024-06-11,OCCUPIED,OCCUPIED,OCCUPIED
2024-06-12,OCCUPIED,OCCUPIED,OCCUPIED
2024-06-13,OCCUPIED,OCCUPIED,OCCUPIED
2024-06-14,OCCUPIED,OCCUPIED,OCCUPIED
2024-06-15,OCCUPIED,OCCUPIED,OCCUPIED
2024-06-16,OCCUPIED,OCCUPIED,OCCUPIED
2024-06-17,OCCUPIED,OCCUPIED,OCCUPIED
2024-06-18,OCCUPIED,OCCUPIED,OCCUPIED
2024-06-19,OCCUPIED,OCCUPIED,OCCUPIED
2024-06-20,OCCUPIED,OCCUPIED,OCCUPIED
2024-06-21,OCCUPIED,OCCUPIED,OCCUPIED
2024-06-22,OCCUPIED,OCCUPIED,OCCUPIED
2024-06-23,OCCUPIED,OCCUPIED,OCCUPIED
2024-06-24,OCCUPIED,OCCUPIED,OCCUPIED
2024-06-25,OCCUPIED,OCCUPIED,OCCUPIED
2024-06-26,OCCUPIED,OCCUPIED,OCCUPIED
2024-06-27,OCCUPIED,OCCUPIED,OCCUPIED
2024-06-28,OCCUPIED,OCCUPIED,OCCUPIED
2024-06-29,OCCUPIED,OCCUPIED,OCCUPIED
2024-06-30,OCCUPIED,OCCUPIED,OCCUPIED
2024-07-01,OCCUPIED,OCCUPIED,OCCUPIED
2024-07-02,OCCUPIED,OCCUPIED,OCCUPIED
2024-07-03,OCCUPIED,OCCUPIED,OCCUPIED
2024-07-04,OCCUPIED,OCCUPIED,OCCUPIED
2024-07-05,OCCUPIED,OCCUPIED,OCCUPIED
2024-07-06,OCCUPIED,OCCUPIED,OCCUPIED
2024-07-07,OCCUPIED,OCCUPIED,OCCUPIED
2024-07-08,OCCUPIED,OCCUPIED,OCCUPIED
2024-07-09,OCCUPIED,OCCUPIED,OCCUPIED
2024-07-10,OCCUPIED,OCCUPIED,OCCUPIED
2024-07-11,OCCUPIED,OCCUPIED,OCCUPIED
2024-07-12,OCCUPIED,OCCUPIED,OCCUPIED
2024-07-13,OCCUPIED,OCCUPIED,OCCUPIED
2024-07-14,OCCUPIED,OCCUPIED,OCCUPIED
2024-07-15,OCCUPIED,OCCUPIED,OCCUPIED
2024-07-16,OCCUPIED,OCCUPIED,OCCUPIED
2024-07-17,OCCUPIED,OCCUPIED,OCCUPIED
2024-07-18,OCCUPIED,OCCUPIED,OCCUPIED
2024-07-19,OCCUPIED,OCCUPIED,OCCUPIED
2024-07-20,NOT_OCCUPIED,NOT_OCCUPIED,NOT_OCCUPIED
2024-07-21,NOT_OCCUPIED,NOT_OCCUPIED,NOT_OCCUPIED
2024-07-22,NOT_OCCUPIED,NOT_OCCUPIED,NOT_OCCUPIED
2024-07-23,NOT_OCCUPIED,NOT_OCCUPIED,NOT_OCCUPIED
2024-07-24,NOT_OCCUPIED,NOT_OCCUPIED,NOT_OCCUPIED
2024-07-25,NOT_OCCUPIED,NOT_OCCUPIED,NOT_OCCUPIED
2024-07-26,NOT_OCCUPIED,NOT_OCCUPIED,NOT_OCCUPIED
2024-07-27,NOT_OCCUPIED,NOT_OCCUPIED,NOT_OCCUPIED
2024-07-28,NOT_OCCUPIED,NOT_OCCUPIED,NOT_OCCUPIED
2024-07-29,NOT_OCCUPIED,NOT_OCCUPIED,NOT_OCCUPIED
2024-07-30,NOT_OCCUPIED,NOT_OCCUPIED,NOT_OCCUPIED
2024-07-31,NOT_OCCUPIED,NOT_OCCUPIED,NOT_OCCUPIED
2024-08-01,NOT_OCCUPIED,NOT_OCCUPIED,NOT_OCCUPIED
2024-08-02,NOT_OCCUPIED,NOT_OCCUPIED,NOT_OCCUPIED
2024-08-03,NOT_OCCUPIED,NOT_OCCUPIED,NOT_OCCUPIED
2024-08-04,NOT_OCCUPIED,NOT_OCCUPIED,NOT_OCCUPIED
2024-08-05,NOT_OCCUPIED,NOT_OCCUPIED,NOT_OCCUPIED
2024-08-06,NOT_OCCUPIED,NOT_OCCUPIED,NOT_OCCUPIED
2024-08-07,NOT_OCCUPIED,NOT_OCCUPIED,NOT_OCCUPIED
2024-08-08,NOT_OCCUPIED,NOT_OCCUPIED,NOT_OCCUPIED
2024-08-09,NOT_OCCUPIED,NOT_OCCUPIED,NOT_OCCUPIED
2024-08-10,NOT_OCCUPIED,NOT_OCCUPIED,NOT_OCCUPIED
2024-08-11,NOT_OCCUPIED,NOT_OCCUPIED,NOT_OCCUPIED
2024-08-12,NOT_OCCUPIED,NOT_OCCUPIED,NOT_OCCUPIED
2024-08-13,NOT_OCCUPIED,NOT_OCCUPIED,NOT_OCCUPIED
2024-08-14,NOT_OCCUPIED,NOT_OCCUPIED,NOT_OCCUPIED
2024-08-15,NOT_OCCUPIED,NOT_OCCUPIED,NOT_OCCUPIED
2024-08-16,NOT_OCCUPIED,NOT_OCCUPIED,NOT_OCCUPIED
2024-08-17,NOT_OCCUPIED,NOT_OCCUPIED,NOT_OCCUPIED
2024-08-18,NOT_OCCUPIED,NOT_OCCUPIED,NOT_OCCUPIED
2024-08-19,NOT_OCCUPIED,NOT_OCCUPIED,NOT_OCCUPIED
2024-08-20,NOT_OCCUPIED,NOT_OCCUPIED,NOT_OCCUPIED
2024-08-21,NOT_OCCUPIED,NOT_OCCUPIED,NOT_OCCUPIED
2024-08-22,NOT_OCCUPIED,NOT_OCCUPIED,NOT_OCCUPIED
2024-08-23,NOT_OCCUPIED,NOT_OCCUPIED,NOT_OCCUPIED
2024-08-24,NOT_OCCUPIED,NOT_OCCUPIED,NOT_OCCUPIED
2024-08-25,NOT_OCCUPIED,NOT_OCCUPIED,NOT_OCCUPIED
2024-08-26,NOT_OCCUPIED,NOT_OCCUPIED,NOT_OCCUPIED
2024-08-27,NOT_OCCUPIED,NOT_OCCUPIED,NOT_OCCUPIED
2024-08-28,NOT_OCCUPIED,NOT_OCCUPIED,NOT_OCCUPIED
2024-08-29,NOT_OCCUPIED,NOT_OCCUPIED,NOT_OCCUPIED
2024-08-30,OCCUPIED,OCCUPIED,OCCUPIED
2024-08-31,OCCUPIED,OCCUPIED,OCCUPIED
2024-09-01,OCCUPIED,OCCUPIED,OCCUPIED
2024-09-02,OCCUPIED,OCCUPIED,OCCUPIED
2024-09-03,OCCUPIED,OCCUPIED,OCCUPIED
2024-09-04,OCCUPIED,OCCUPIED,OCCUPIED
2024-09-05,OCCUPIED,OCCUPIED,OCCUPIED
2024-09-06,OCCUPIED,OCCUPIED,OCCUPIED
2024-09-07,OCCUPIED,OCCUPIED,OCCUPIED
2024-09-08,OCCUPIED,OCCUPIED,OCCUPIED
2024-09-09,OCCUPIED,OCCUPIED,OCCUPIED
2024-09-10,NOT_OCCUPIED,NOT_OCCUPIED,NOT_OCCUPIED
2024-09-11,NOT_OCCUPIED,NOT_OCCUPIED,NOT_OCCUPIED
2024-09-12,NOT_OCCUPIED,NOT_OCCUPIED,NOT_OCCUPIED
2024-09-13,NOT_OCCUPIED,NOT_OCCUPIED,NOT_OCCUPIED
2024-09-14,NOT_OCCUPIED,NOT_OCCUPIED,NOT_OCCUPIED
2024-09-15,NOT_OCCUPIED,NOT_OCCUPIED,NOT_OCCUPIED
2024-09-16,NOT_OCCUPIED,NOT_OCCUPIED,NOT_OCCUPIED
2024-09-17,NOT_OCCUPIED,NOT_OCCUPIED,NOT_OCCUPIED
2024-09-18,NOT_OCCUPIED,NOT_OCCUPIED,NOT_OCCUPIED
2024-09-19,NOT_OCCUPIED,NOT_OCCUPIED,NOT_OCCUPIED
2024-09-20,NOT_OCCUPIED,NOT_OCCUPIED,NOT_OCCUPIED
2024-09-21,NOT_OCCUPIED,NOT_OCCUPIED,NOT_OCCUPIED
2024-09-22,OCCUPIED,OCCUPIED,OCCUPIED
2024-09-23,OCCUPIED,OCCUPIED,OCCUPIED
2024-09-24,OCCUPIED,OCCUPIED,OCCUPIED
2024-09-25,OCCUPIED,OCCUPIED,OCCUPIED
2024-09-26,OCCUPIED,OCCUPIED,OCCUPIED
2024-09-27,OCCUPIED,OCCUPIED,OCCUPIED
2024-09-28,OCCUPIED,OCCUPIED,OCCUPIED
2024-09-29,OCCUPIED,OCCUPIED,OCCUPIED
2024-09-30,OCCUPIED,OCCUPIED,OCCUPIED
2024-10-01,OCCUPIED,OCCUPIED,OCCUPIED
2024-10-02,OCCUPIED,OCCUPIED,OCCUPIED
2024-10-03,OCCUPIED,OCCUPIED,OCCUPIED
2024-10-04,OCCUPIED,OCCUPIED,OCCUPIED
2024-10-05,OCCUPIED,OCCUPIED,OCCUPIED
2024-10-06,NOT_OCCUPIED,NOT_OCCUPIED,NOT_OCCUPIED
2024-10-07,NOT_OCCUPIED,NOT_OCCUPIED,NOT_OCCUPIED
2024-10-08,NOT_OCCUPIED,NOT_OCCUPIED,NOT_OCCUPIED
2024-10-09,OCCUPIED,OCCUPIED,OCCUPIED
2024-10-10,OCCUPIED,OCCUPIED,OCCUPIED
2024-10-11,OCCUPIED,OCCUPIED,OCCUPIED
2024-10-12,OCCUPIED,OCCUPIED,OCCUPIED
2024-10-13,NOT_OCCUPIED,NOT_OCCUPIED,NOT_OCCUPIED
2024-10-14,NOT_OCCUPIED,NOT_OCCUPIED,NOT_OCCUPIED
2024-10-15,NOT_OCCUPIED,NOT_OCCUPIED,NOT_OCCUPIED
2024-10-16,NOT_OCCUPIED,NOT_OCCUPIED,NOT_OCCUPIED
2024-10-17,NOT_OCCUPIED,NOT_OCCUPIED,NOT_OCCUPIED
2024-10-18,NOT_OCCUPIED,NOT_OCCUPIED,NOT_OCCUPIED
2024-10-19,NOT_OCCUPIED,NOT_OCCUPIED,NOT_OCCUPIED
2024-10-20,NOT_OCCUPIED,NOT_OCCUPIED,NOT_OCCUPIED
2024-10-21,NOT_OCCUPIED,NOT_OCCUPIED,NOT_OCCUPIED
2024-10-22,NOT_OCCUPIED,NOT_OCCUPIED,NOT_OCCUPIED
2024-10-23,NOT_OCCUPIED,NOT_OCCUPIED,NOT_OCCUPIED
2024-10-24,NOT_OCCUPIED,NOT_OCCUPIED,NOT_OCCUPIED
2024-10-25,NOT_OCCUPIED,NOT_OCCUPIED,NOT_OCCUPIED
2024-10-26,NOT_OCCUPIED,NOT_OCCUPIED,NOT_OCCUPIED
2024-10-27,NOT_OCCUPIED,NOT_OCCUPIED,NOT_OCCUPIED
2024-10-28,NOT_OCCUPIED,NOT_OCCUPIED,NOT_OCCUPIED
2024-10-29,NOT_OCCUPIED,NOT_OCCUPIED,NOT_OCCUPIED
2024-10-30,NOT_OCCUPIED,NOT_OCCUPIED,NOT_OCCUPIED
2024-10-31,NOT_OCCUPIED,NOT_OCCUPIED,NOT_OCCUPIED
2024-11-01,NOT_OCCUPIED,NOT_OCCUPIED,NOT_OCCUPIED
2024-11-02,OCCUPIED,OCCUPIED,OCCUPIED
2024-11-03,NOT_OCCUPIED,NOT_OCCUPIED,NOT_OCCUPIED
2024-11-04,NOT_OCCUPIED,NOT_OCCUPIED,NOT_OCCUPIED
2024-11-05,NOT_OCCUPIED,NOT_OCCUPIED,NOT_OCCUPIED
2024-11-06,NOT_OCCUPIED,NOT_OCCUPIED,NOT_OCCUPIED
2024-11-07,NOT_OCCUPIED,NOT_OCCUPIED,NOT_OCCUPIED
2024-11-08,NOT_OCCUPIED,NOT_OCCUPIED,NOT_OCCUPIED
2024-11-09,NOT_OCCUPIED,NOT_OCCUPIED,NOT_OCCUPIED
2024-11-10,NOT_OCCUPIED,NOT_OCCUPIED,NOT_OCCUPIED
2024-11-11,NOT_OCCUPIED,NOT_OCCUPIED,NOT_OCCUPIED
2024-11-12,NOT_OCCUPIED,NOT_OCCUPIED,NOT_OCCUPIED
2024-11-13,NOT_OCCUPIED,NOT_OCCUPIED,NOT_OCCUPIED
2024-11-14,NOT_OCCUPIED,NOT_OCCUPIED,NOT_OCCUPIED
2024-11-15,NOT_OCCUPIED,NOT_OCCUPIED,NOT_OCCUPIED
2024-11-16,OCCUPIED,OCCUPIED,OCCUPIED
2024-11-17,OCCUPIED,OCCUPIED,OCCUPIED
2024-11-18,OCCUPIED,OCCUPIED,OCCUPIED
2024-11-19,OCCUPIED,OCCUPIED,OCCUPIED
2024-11-20,OCCUPIED,OCCUPIED,OCCUPIED
2024-11-21,NOT_OCCUPIED,NOT_OCCUPIED,NOT_OCCUPIED
2024-11-22,NOT_OCCUPIED,NOT_OCCUPIED,NOT_OCCUPIED
2024-11-23,NOT_OCCUPIED,NOT_OCCUPIED,NOT_OCCUPIED
2024-11-24,NOT_OCCUPIED,NOT_OCCUPIED,NOT_OCCUPIED
2024-11-25,NOT_OCCUPIED,NOT_OCCUPIED,NOT_OCCUPIED
2024-11-26,NOT_OCCUPIED,NOT_OCCUPIED,NOT_OCCUPIED
2024-11-27,NOT_OCCUPIED,NOT_OCCUPIED,NOT_OCCUPIED
2024-11-28,NOT_OCCUPIED,NOT_OCCUPIED,NOT_OCCUPIED
2024-11-29,NOT_OCCUPIED,NOT_OCCUPIED,NOT_OCCUPIED
2024-11-30,NOT_OCCUPIED,NOT_OCCUPIED,NOT_OCCUPIED
2024-12-01,NOT_OCCUPIED,NOT_OCCUPIED,NOT_OCCUPIED
2024-12-02,NOT_OCCUPIED,NOT_OCCUPIED,NOT_OCCUPIED
2024-12-03,NOT_OCCUPIED,NOT_OCCUPIED,NOT_OCCUPIED
2024-12-04,NOT_OCCUPIED,NOT_OCCUPIED,NOT_OCCUPIED
2024-12-05,NOT_OCCUPIED,NOT_OCCUPIED,NOT_OCCUPIED
2024-12-06,NOT_OCCUPIED,NOT_OCCUPIED,NOT_OCCUPIED
2024-12-07,NOT_OCCUPIED,NOT_OCCUPIED,NOT_OCCUPIED
2024-12-08,NOT_OCCUPIED,NOT_OCCUPIED,NOT_OCCUPIED
2024-12-09,NOT_OCCUPIED,NOT_OCCUPIED,NOT_OCCUPIED
2024-12-10,OCCUPIED,OCCUPIED,OCCUPIED
2024-12-11,OCCUPIED,OCCUPIED,OCCUPIED
2024-12-12,OCCUPIED,OCCUPIED,OCCUPIED
2024-12-13,OCCUPIED,OCCUPIED,OCCUPIED
2024-12-14,NOT_OCCUPIED,NOT_OCCUPIED,NOT_OCCUPIED
2024-12-15,NOT_OCCUPIED,NOT_OCCUPIED,NOT_OCCUPIED
2024-12-16,NOT_OCCUPIED,NOT_OCCUPIED,NOT_OCCUPIED
2024-12-17,NOT_OCCUPIED,NOT_OCCUPIED,NOT_OCCUPIED
2024-12-18,NOT_OCCUPIED,NOT_OCCUPIED,NOT_OCCUPIED
2024-12-19,NOT_OCCUPIED,NOT_OCCUPIED,NOT_OCCUPIED
2024-12-20,NOT_OCCUPIED,NOT_OCCUPIED,NOT_OCCUPIED
2024-12-21,NOT_OCCUPIED,NOT_OCCUPIED,NOT_OCCUPIED
2024-12-22,NOT_OCCUPIED,NOT_OCCUPIED,NOT_OCCUPIED
2024-12-23,NOT_OCCUPIED,NOT_OCCUPIED,NOT_OCCUPIED
2024-12-24,NOT_OCCUPIED,NOT_OCCUPIED,NOT_OCCUPIED
2024-12-25,NOT_OCCUPIED,NOT_OCCUPIED,NOT_OCCUPIED
2024-12-26,OCCUPIED,OCCUPIED,OCCUPIED
2024-12-27,OCCUPIED,OCCUPIED,OCCUPIED
2024-12-28,OCCUPIED,OCCUPIED,OCCUPIED
2024-12-29,OCCUPIED,OCCUPIED,OCCUPIED
2024-12-30,OCCUPIED,OCCUPIED,OCCUPIED
2024-12-31,OCCUPIED,OCCUPIED,OCCUPIED
2025-01-01,OCCUPIED,OCCUPIED,OCCUPIED
2025-01-02,OCCUPIED,OCCUPIED,OCCUPIED
2025-01-03,OCCUPIED,OCCUPIED,OCCUPIED
2025-01-04,OCCUPIED,OCCUPIED,OCCUPIED
2025-01-05,OCCUPIED,OCCUPIED,OCCUPIED
2025-01-06,OCCUPIED,OCCUPIED,OCCUPIED
2025-01-07,OCCUPIED,OCCUPIED,OCCUPIED
2025-01-08,OCCUPIED,OCCUPIED,OCCUPIED
2025-01-09,NOT_OCCUPIED,NOT_OCCUPIED,NOT_OCCUPIED
2025-01-10,NOT_OCCUPIED,NOT_OCCUPIED,NOT_OCCUPIED
2025-01-11,NOT_OCCUPIED,NOT_OCCUPIED,NOT_OCCUPIED
2025-01-12,NOT_OCCUPIED,NOT_OCCUPIED,NOT_OCCUPIED
2025-01-13,NOT_OCCUPIED,NOT_OCCUPIED,NOT_OCCUPIED
2025-01-14,NOT_OCCUPIED,NOT_OCCUPIED,NOT_OCCUPIED
2025-01-15,NOT_OCCUPIED,NOT_OCCUPIED,NOT_OCCUPIED
2025-01-16,NOT_OCCUPIED,NOT_OCCUPIED,NOT_OCCUPIED
2025-01-17,NOT_OCCUPIED,NOT_OCCUPIED,NOT_OCCUPIED
2025-01-18,NOT_OCCUPIED,NOT_OCCUPIED,NOT_OCCUPIED
2025-01-19,NOT_OCCUPIED,NOT_OCCUPIED,NOT_OCCUPIED
2025-01-20,NOT_OCCUPIED,NOT_OCCUPIED,NOT_OCCUPIED
2025-01-21,NOT_OCCUPIED,NOT_OCCUPIED,NOT_OCCUPIED
2025-01-22,NOT_OCCUPIED,NOT_OCCUPIED,NOT_OCCUPIED
2025-01-23,NOT_OCCUPIED,NOT_OCCUPIED,NOT_OCCUPIED
2025-01-24,NOT_OCCUPIED,NOT_OCCUPIED,NOT_OCCUPIED
2025-01-25,NOT_OCCUPIED,NOT_OCCUPIED,NOT_OCCUPIED
2025-01-26,NOT_OCCUPIED,NOT_OCCUPIED,NOT_OCCUPIED
2025-01-27,NOT_OCCUPIED,NOT_OCCUPIED,NOT_OCCUPIED
2025-01-28,NOT_OCCUPIED,NOT_OCCUPIED,NOT_OCCUPIED
2025-01-29,NOT_OCCUPIED,NOT_OCCUPIED,NOT_OCCUPIED
2025-01-30,NOT_OCCUPIED,NOT_OCCUPIED,NOT_OCCUPIED
2025-01-31,NOT_OCCUPIED,NOT_OCCUPIED,NOT_OCCUPIED
2025-02-01,NOT_OCCUPIED,NOT_OCCUPIED,NOT_OCCUPIED
2025-02-02,NOT_OCCUPIED,NOT_OCCUPIED,NOT_OCCUPIED
2025-02-03,NOT_OCCUPIED,NOT_OCCUPIED,NOT_OCCUPIED
2025-02-04,NOT_OCCUPIED,NOT_OCCUPIED,NOT_OCCUPIED
2025-02-05,NOT_OCCUPIED,NOT_OCCUPIED,NOT_OCCUPIED
2025-02-06,NOT_OCCUPIED,NOT_OCCUPIED,NOT_OCCUPIED
2025-02-07,NOT_OCCUPIED,NOT_OCCUPIED,NOT_OCCUPIED
2025-02-08,NOT_OCCUPIED,NOT_OCCUPIED,NOT_OCCUPIED
2025-02-09,NOT_OCCUPIED,NOT_OCCUPIED,NOT_OCCUPIED
2025-02-10,NOT_OCCUPIED,NOT_OCCUPIED,NOT_OCCUPIED
2025-02-11,NOT_OCCUPIED,NOT_OCCUPIED,NOT_OCCUPIED
2025-02-12,NOT_OCCUPIED,NOT_OCCUPIED,NOT_OCCUPIED
2025-02-13,NOT_OCCUPIED,NOT_OCCUPIED,NOT_OCCUPIED
2025-02-14,NOT_OCCUPIED,NOT_OCCUPIED,NOT_OCCUPIED
2025-02-15,NOT_OCCUPIED,NOT_OCCUPIED,NOT_OCCUPIED
2025-02-16,NOT_OCCUPIED,NOT_OCCUPIED,NOT_OCCUPIED
2025-02-17,NOT_OCCUPIED,NOT_OCCUPIED,NOT_OCCUPIED
2025-02-18,NOT_OCCUPIED,NOT_OCCUPIED,NOT_OCCUPIED
2025-02-19,NOT_OCCUPIED,NOT_OCCUPIED,NOT_OCCUPIED
2025-02-20,NOT_OCCUPIED,NOT_OCCUPIED,NOT_OCCUPIED
2025-02-21,NOT_OCCUPIED,NOT_OCCUPIED,NOT_OCCUPIED
2025-02-22,NOT_OCCUPIED,NOT_OCCUPIED,NOT_OCCUPIED
2025-02-23,NOT_OCCUPIED,NOT_OCCUPIED,NOT_OCCUPIED
2025-02-24,NOT_OCCUPIED,NOT_OCCUPIED,NOT_OCCUPIED
2025-02-25,NOT_OCCUPIED,NOT_OCCUPIED,NOT_OCCUPIED
2025-02-26,NOT_OCCUPIED,NOT_OCCUPIED,NOT_OCCUPIED
2025-02-27,NOT_OCCUPIED,NOT_OCCUPIED,NOT_OCCUPIED
2025-02-28,NOT_OCCUPIED,NOT_OCCUPIED,NOT_OCCUPIED
2025-03-01,NOT_OCCUPIED,NOT_OCCUPIED,NOT_OCCUPIED
2025-03-02,NOT_OCCUPIED,NOT_OCCUPIED,NOT_OCCUPIED
2025-03-03,NOT_OCCUPIED,NOT_OCCUPIED,NOT_OCCUPIED
2025-03-04,NOT_OCCUPIED,NOT_OCCUPIED,NOT_OCCUPIED
2025-03-05,NOT_OCCUPIED,NOT_OCCUPIED,NOT_OCCUPIED
2025-03-06,OCCUPIED,OCCUPIED,OCCUPIED
2025-03-07,OCCUPIED,OCCUPIED,OCCUPIED
2025-03-08,OCCUPIED,OCCUPIED,OCCUPIED
2025-03-09,OCCUPIED,OCCUPIED,OCCUPIED
2025-03-10,OCCUPIED,OCCUPIED,OCCUPIED
